Customer Name,Bank Account Information,Mortgage Summary Details,Balance Due,Next Payment Date,Personalised Investment Strategy
Lisa Arroyo,CPFF14869300824250,3.2% fixed rate mortgage,886544,2024-06-04,Professor so tell commercial discover thought.
Jeffrey Johnson,GSPD59185489589258,5.9% adjustable rate mortgage,457865,2024-10-11,Natural serious tend also each direction.
Laura Waters,DLLC86233040433934,9.0% adjustable rate mortgage,337111,2024-07-31,Senior movement smile.
Matthew Malone,OIWJ25660206349833,9.6% adjustable rate mortgage,424651,2024-06-02,Realize sign put behavior rate.
Kelly Mckee,SEBN70702178055218,0.4% adjustable rate mortgage,568061,2024-09-01,Pattern move apply perhaps day.
Wanda Martin,FFWB58462123876380,8.5% fixed rate mortgage,43478,2024-06-28,Lawyer about through bar.
Heather Sims,PTCM98651336332922,0.9% adjustable rate mortgage,375441,2024-08-27,Usually sea other activity.
Brian Mcintosh,WOGV87481736728119,8.3% fixed rate mortgage,5343,2024-08-23,Minute many arm early listen bill drop.
Michelle Johnson,EFRN06639939026518,7.6% fixed rate mortgage,404399,2024-07-23,General throw property pass school.
David Simmons,CKBY91290397057129,6.5% adjustable rate mortgage,972905,2024-09-16,Debate ten attention act accept.
Victoria Allen,ZDTK20267461950754,0.6% fixed rate mortgage,868774,2024-06-18,Challenge food local specific traditional draw fly responsibility.
Jill Sandoval,HLPT44910864972978,9.5% adjustable rate mortgage,574653,2024-11-14,Recognize hold physical during during out old.
Shawn Hill,HIJM09659811971727,6.0% adjustable rate mortgage,772559,2024-10-06,Worker necessary leg know.
Ryan Lee,IZFZ13296150613805,8.0% adjustable rate mortgage,921207,2024-06-28,Finally they big letter note attorney.
Michelle Clark,OXWH55000737426394,9.5% fixed rate mortgage,91682,2024-12-27,Include develop seat eight look.
Sharon Weiss,NKWZ85469675934357,5.1% adjustable rate mortgage,652003,2024-10-22,Loss discuss person.
Richard Davis,GKHR14627378165270,3.0% fixed rate mortgage,594580,2024-07-08,Along again election part woman.
Ivan Hayes,OVSY43167966499245,3.5% adjustable rate mortgage,244134,2024-11-07,Management prepare plant owner use edge think.
Michelle Miller,DHKX04144831788282,4.2% adjustable rate mortgage,599178,2024-11-06,Room skin become learn too child forward suffer.
James Robles,KYWT18781433694491,0.5% adjustable rate mortgage,754094,2024-07-29,Phone owner guess such gas.
Barbara Lee,OXYH58168285692790,0.6% fixed rate mortgage,566583,2024-07-29,Protect either choice general writer tonight push.
Brian Butler,NTRH07274699723405,7.4% fixed rate mortgage,951417,2024-11-21,Yard former floor memory.
Heather Charles,VNOA79037184062469,7.7% fixed rate mortgage,977074,2024-09-25,Begin major recent little mother live.
Kathryn Dominguez,EZSD31810355190836,8.6% adjustable rate mortgage,591773,2024-08-07,Ball might charge inside its guess.
Dustin Chaney,EXPT20317492813942,5.5% fixed rate mortgage,631843,2024-07-27,Third have drug person artist.
Tyler Kelly,GYRI61924235193821,2.4% fixed rate mortgage,56913,2024-12-18,Media shake investment these.
Laura Cabrera,SZJO21522038515120,1.5% adjustable rate mortgage,309025,2024-06-09,Anyone fine guy likely.
Veronica Rodriguez,JFLJ03799649073859,4.4% adjustable rate mortgage,14369,2024-07-09,Power more wait stay.
Brandi Rogers,NLGK66300768488679,8.8% adjustable rate mortgage,439279,2024-09-01,Forget number bed although officer worker everybody morning.
Jeffrey Kaiser,XTAM86259504539267,1.9% fixed rate mortgage,890563,2024-09-23,Cut author project future.
Catherine Owens PhD,MMLP89311488429922,3.3% fixed rate mortgage,679463,2024-07-28,Meet news why paper move prevent leader.
Justin Fuller,JKWZ59489575526276,3.4% fixed rate mortgage,374677,2024-12-03,Add however must stop stay simply.
Theresa Jordan,OCJW61041526698386,1.3% fixed rate mortgage,175659,2024-11-27,Blood away administration crime very.
Heather Rose,GZYG60020985525515,4.9% adjustable rate mortgage,37040,2024-09-24,Democratic force everyone most author line.
Loretta Jimenez,GCQY66873218207245,2.2% adjustable rate mortgage,83268,2024-09-17,Boy end science community.
Monica Simpson,VLJX12790024921953,6.2% adjustable rate mortgage,72847,2024-07-29,Theory Republican others issue.
Kimberly Yates,LKBF23116955059828,6.8% adjustable rate mortgage,918964,2024-10-25,Church son program.
Jerome Mendez,BBFU79628798853728,2.3% adjustable rate mortgage,403842,2024-10-19,Power record many.
Clifford White,JQOA35995583835009,4.0% fixed rate mortgage,559571,2024-07-02,Different board party from result clearly.
Matthew Walker,WGFJ61700613861272,0.7% fixed rate mortgage,873672,2024-06-23,Trip mean difference ahead board human.
Charles Garza,KILP07292263536538,7.7% adjustable rate mortgage,678268,2024-09-09,War commercial movement who.
Valerie Chase,RKES35107282592647,7.0% adjustable rate mortgage,264366,2024-06-08,Standard economic resource world memory recognize performance.
Kent Graham,BMCK03163612810189,7.6% fixed rate mortgage,795228,2024-12-06,Soldier page voice some watch ability.
Cody West,PUJR51162545782852,9.5% fixed rate mortgage,403117,2024-09-28,Them out budget mouth watch out ball.
William Walker,GTPL91194824498085,0.1% adjustable rate mortgage,451939,2024-08-04,Page production there last assume according keep.
Janice Larson,TGBZ63849902845182,0.3% adjustable rate mortgage,382449,2024-11-17,Even risk training option tree.
James Miller,DVWD15976789164181,9.4% fixed rate mortgage,427346,2024-11-03,On contain executive ready card star economic.
Michael Decker,PWGJ96145344255895,6.0% fixed rate mortgage,821995,2024-09-20,Structure do type though president world.
Jennifer Kennedy,HBJR31915534626572,4.4% fixed rate mortgage,278606,2024-08-28,Rate mean start thus season.
Teresa Brown,DBJL31831912176245,4.4% fixed rate mortgage,797726,2024-06-14,Fight detail when resource hot sort.
Steven Johnson,IJPJ35146305506590,9.8% adjustable rate mortgage,880479,2024-12-15,Story run peace effort type body.
Kevin Suarez,EPAD08999703054443,9.8% adjustable rate mortgage,334652,2024-07-24,Western during head reflect ground go threat pay.
Brandi Stevens,ACIU30726357081315,4.1% adjustable rate mortgage,829199,2024-10-23,Teacher treatment center line keep stock include.
Samuel Fowler,HUUC01145962296377,9.5% adjustable rate mortgage,18512,2024-08-19,Really water set professor us cultural.
Alicia Aguilar,UGOK38957560297821,7.1% adjustable rate mortgage,317980,2024-12-07,Market company owner program article political man.
Melinda Ray,CNXE67567989929580,9.9% fixed rate mortgage,51841,2024-12-07,Recognize reveal word perhaps degree she he.
Karen Vargas,FCYC77217570461886,3.8% adjustable rate mortgage,981513,2024-08-15,Know according account natural parent forward despite.
Christopher Mills,VRZI24312957456027,5.7% fixed rate mortgage,762944,2024-11-12,Worry behavior available continue above.
Dominique Hudson,PDDH91037054064972,2.5% fixed rate mortgage,7417,2024-09-14,Woman kind go knowledge election.
Kevin Murphy,ULBM41427827399548,2.7% fixed rate mortgage,397139,2024-11-20,Game since game not next field thus.
Anthony Moreno,AWQL06477272925384,8.8% fixed rate mortgage,160611,2024-12-11,Wife situation look service.
Andrea Byrd,PCWT67362375826843,2.3% fixed rate mortgage,137905,2024-07-03,Several soon me note out.
Christopher Joseph,QAYL11138034000447,8.1% adjustable rate mortgage,331418,2024-11-06,Strong think foot dark stage recently six.
Robert Bradley,WUDY58277706391636,6.9% adjustable rate mortgage,859704,2024-09-07,Share young parent religious.
Steven Murphy,FDWD45944291867314,6.8% adjustable rate mortgage,460049,2024-06-25,Front experience game employee threat open fear argue.
Cheryl Parker MD,ICOP91276884515465,3.6% adjustable rate mortgage,377702,2024-08-17,People physical spring including.
Jessica Webb,MSUP77311232966632,5.3% fixed rate mortgage,418879,2024-11-17,Yard whole oil reflect.
Felicia Aguilar MD,YMTL46291274387558,9.2% adjustable rate mortgage,923760,2024-10-05,Role else win morning.
Jessica Taylor,ENVL73983940933988,6.8% fixed rate mortgage,450282,2024-11-30,Market consider ability sing.
Jeffrey Williams,PMOT93851734347343,2.2% adjustable rate mortgage,203104,2024-10-31,Travel not book eat.
Rachel Martin,LDCZ56547458252642,0.0% fixed rate mortgage,339462,2024-08-05,Whether another like source while put interview popular.
Jill Sullivan,SPRW71317776235333,0.9% fixed rate mortgage,155043,2024-12-14,Main street picture million art administration election image.
Sharon Bentley,MFOP64399970936976,2.8% fixed rate mortgage,319836,2024-12-07,Wife quickly share take.
Holly Hall,XBQV53989432833337,6.6% adjustable rate mortgage,217570,2024-06-04,Source view discover four glass country.
Stephen Macias,FZCO60623644423898,5.4% adjustable rate mortgage,210310,2024-11-13,Stand full situation both decision.
Joseph Peters,TLSU66444356896701,2.5% fixed rate mortgage,268548,2024-06-27,Government idea treat traditional realize feel live.
Joanna Bass,KAVD12033963039448,5.5% adjustable rate mortgage,291378,2024-07-09,Bill professor class some.
Matthew Morris,GVCW24210835509773,8.1% adjustable rate mortgage,399168,2024-06-28,Most unit appear cover television born.
Kathy Gilbert,CXKV39778278576185,8.7% fixed rate mortgage,782474,2024-10-18,Six director part leader teach city.
Jason Horn,SSVS26942876519605,5.3% fixed rate mortgage,466466,2024-12-05,Arrive raise nation nor speak feeling realize.
Lisa Edwards,LYRW75215301078243,8.3% adjustable rate mortgage,165817,2024-09-14,Spring best physical player common close whether.
Jesse Bates,CNOJ12596255094663,5.9% fixed rate mortgage,274298,2024-08-17,Data region feel answer.
Dorothy Thomas,WHYR17227103862480,8.5% fixed rate mortgage,515224,2024-06-16,Hour ready himself beat food tax various expert.
Ashlee Sanchez,AJQI01272576532902,4.7% fixed rate mortgage,986072,2024-11-01,Fund range ahead decade through fact form.
Denise Rodriguez,UXBW99907745099716,9.3% fixed rate mortgage,816967,2024-12-23,North clear approach foreign impact.
James Patterson,GLHH67817836610434,4.4% adjustable rate mortgage,813123,2024-06-27,Address sometimes can challenge use.
Andrea Atkinson,SAKA18186127794722,9.7% adjustable rate mortgage,178342,2024-11-02,Provide day fish threat.
Yolanda Bush,RUZY58901779633819,8.4% adjustable rate mortgage,238210,2024-09-22,Different scientist seek traditional hit action person.
Michael Carter,TSNX31129457829117,3.1% fixed rate mortgage,398133,2024-12-20,Challenge always for develop rate later hot.
Sharon Gibson,AJRF94834101051948,5.3% adjustable rate mortgage,616365,2024-12-20,Join organization quite.
James Zimmerman PhD,HZGX39299164320554,5.6% adjustable rate mortgage,345105,2024-08-01,Worry deep why level sing Mr.
Vickie Vaughan,EPDL84682544208650,9.4% fixed rate mortgage,205483,2024-09-16,When reduce education yard main.
Amy Gonzalez,YNBG39619530764975,4.2% adjustable rate mortgage,379379,2024-06-01,Specific bag discussion practice move.
Karen Martin,ANWU71989172459713,7.5% adjustable rate mortgage,633085,2024-09-17,Car Congress ability let movement unit.
Ryan Chavez,VAML37579882952754,0.4% fixed rate mortgage,341998,2024-09-12,Discuss hand try cultural.
Glen Nguyen,NDGF01747239301711,1.6% adjustable rate mortgage,950033,2024-11-20,It son modern year bring.
Scott Leblanc,YSRN46458431934292,6.1% adjustable rate mortgage,315988,2024-06-24,Loss happen recently painting opportunity ahead several.
Xavier Shah,PJNE15803241259260,7.0% fixed rate mortgage,982979,2024-10-31,Subject speak play.
Emily Moyer,CBTC81699134082754,5.7% adjustable rate mortgage,772566,2024-12-02,Past simply beat reflect.
Charles Mcknight,YWVP20714810260344,5.9% fixed rate mortgage,721003,2024-09-18,Evidence door glass if.
Maureen Anderson,NHUT42960405133560,6.3% adjustable rate mortgage,251943,2024-08-28,Pretty suffer machine deep economy expect conference.
Veronica Hughes,MXEA51780260152023,4.3% fixed rate mortgage,794942,2024-08-19,Range wind away mention behavior.
Brian Juarez,VEKN59126401271607,9.7% adjustable rate mortgage,763309,2024-06-27,Yourself enter walk top.
Andrea Juarez,XJZK49314454016358,2.3% adjustable rate mortgage,155739,2024-09-11,Draw visit less.
Becky James,BSVF33598676043462,8.5% fixed rate mortgage,640102,2024-08-26,Trial miss represent star manage rock.
Melissa Greene,VHZB62464711063362,3.9% adjustable rate mortgage,570502,2024-11-15,Order seat me recently.
Brent Sanders Jr.,ZGZL23622261532495,9.7% fixed rate mortgage,643452,2024-08-04,Something if medical agree free pass mouth gas.
David Price,AYFW16652545762582,2.9% adjustable rate mortgage,410125,2024-09-16,Specific task receive and project.
Donald Cruz,ROQE38499339979239,0.2% fixed rate mortgage,549189,2024-10-23,Smile time system along.
Alyssa Adams,XAJW63838471750106,4.2% fixed rate mortgage,524837,2024-09-01,Four operation owner someone same.
Walter Yang,HOPE32976512143265,2.6% fixed rate mortgage,769810,2024-10-11,Ahead management box task.
Craig Gonzalez,FOES74504593581082,0.0% adjustable rate mortgage,909794,2024-09-04,Woman woman worker manager opportunity ball.
Sonia Miller,UTNO88265426909566,5.9% adjustable rate mortgage,428616,2024-07-14,Marriage newspaper he their war Congress high.
Kayla Henry,QUWI23891865853668,3.1% fixed rate mortgage,149688,2024-08-21,Program cup too reality road none study.
Debra Kirby,SHKD35807090826254,4.3% fixed rate mortgage,405973,2024-08-04,Street admit send charge red outside Mr police.
Tony Torres,JLXO89026545231406,4.2% fixed rate mortgage,6953,2024-08-05,Beyond opportunity purpose build head father president writer.
Gregory Rodriguez,EWDV76667720351211,7.9% adjustable rate mortgage,297193,2024-07-22,Team easy those statement before around visit bring.
Laurie Skinner,ZYFF54199723628411,6.9% fixed rate mortgage,537338,2024-06-25,Page mother number.
Jenny Cox,XTSD67907005701448,5.9% fixed rate mortgage,583236,2024-12-21,Suddenly us score soldier example pretty protect.
Michael Price,WOPT10824301824640,0.0% fixed rate mortgage,62267,2024-11-24,Economy edge article get article.
Jennifer Collins,KHGG40389817725048,0.0% fixed rate mortgage,67639,2024-11-25,Loss boy response best red hit.
Mary Jackson,TRUC37198597613511,5.3% adjustable rate mortgage,716251,2024-08-13,Radio road play bar to field.
Kathleen Lyons,FQOW33102826811076,5.7% fixed rate mortgage,309636,2024-12-13,Miss throw agreement up.
Donald Burgess,GOKI96965323871021,9.3% fixed rate mortgage,552795,2024-10-04,Perform whatever staff notice.
Teresa Clark,UIAM35380573282892,0.1% adjustable rate mortgage,416118,2024-09-10,Travel street season full throw radio.
Michele Bonilla,NZFT82324116341819,6.2% adjustable rate mortgage,356469,2024-08-01,Wrong cut maintain form quickly.
Benjamin Acevedo,OYFC13637336210755,7.1% adjustable rate mortgage,757558,2024-09-11,Garden action door maybe.
Emily Wilson,UYQC10277633582295,5.6% fixed rate mortgage,692060,2024-08-19,Improve religious process season skin single.
Christine Chen,MKXE24841118571143,5.8% fixed rate mortgage,988624,2024-10-13,Skill our want rest idea difference put kind.
James Gomez,JDDT98454256899829,4.8% fixed rate mortgage,198081,2024-11-17,Return movie drop science.
Penny Bush,NJFR72007850435195,5.4% fixed rate mortgage,992539,2024-06-19,Almost bit so left you.
Brenda Nelson,TZTB33977270351308,2.0% adjustable rate mortgage,713785,2024-10-12,Realize add sport recently choice throw.
Emily Welch,LEXN07649290143868,6.4% fixed rate mortgage,475231,2024-11-16,Decision build standard itself prove.
Lynn Wilson,QDYO66496077005249,6.9% fixed rate mortgage,894583,2024-08-06,Between on relationship financial situation side southern.
Sean Ho,FOAG74850129016236,8.3% fixed rate mortgage,845005,2024-06-29,It our page else bag third.
Sean Price,VZZB17557953473380,2.6% adjustable rate mortgage,639298,2024-11-16,Eye will between instead design surface former.
Richard Lewis,ZCTR75651433939091,7.3% fixed rate mortgage,730187,2024-12-01,Last positive Republican effort PM black seek ground.
Denise Jones,CSTK60697352585507,8.1% fixed rate mortgage,713114,2024-10-17,Heavy rest this follow think.
Mary Graham,SGGP78595431118991,0.6% adjustable rate mortgage,909392,2024-07-28,Spend watch north opportunity.
Colton Flores,UKIU30821117480900,0.6% fixed rate mortgage,460887,2024-09-29,Cut gas author.
Jason Stewart,CWOH65840077858800,5.7% adjustable rate mortgage,232062,2024-07-27,Civil nor music laugh.
Allen Reyes Jr.,NLON22511096042681,1.1% adjustable rate mortgage,415254,2024-10-29,Relationship lead senior.
Steven Morrison,PGKU10255310602903,0.3% adjustable rate mortgage,868020,2024-09-11,Couple knowledge stop shoulder.
David Hale,PIBZ02875962104305,2.4% fixed rate mortgage,639905,2024-12-25,Mother example act make.
Chad Aguilar,YRFI01355519147960,8.1% adjustable rate mortgage,995777,2024-09-12,Language edge energy large health set.
William Mooney,LFIL00969117070923,6.2% adjustable rate mortgage,209276,2024-12-20,Day job may modern read four course.
James Keller,TKGR91433642338070,1.1% adjustable rate mortgage,932544,2024-07-13,Conference chance record speech best wrong.
James Walker,XMYA92700045922790,3.7% adjustable rate mortgage,586079,2024-07-21,Necessary edge cold gun resource add.
Brian Nielsen,EDJL89378540798710,8.9% fixed rate mortgage,646220,2024-12-27,Pay down too child success sport.
Krystal Chavez,WSTD36017095744105,2.3% fixed rate mortgage,227314,2024-11-20,However operation key production yet serve tend.
Ashley Fisher,SAFZ08053014057806,8.4% adjustable rate mortgage,665923,2024-10-16,Painting material condition one candidate sort no.
James Kennedy,GDFX44938969319466,6.7% fixed rate mortgage,498042,2024-08-17,Age real environment fight again collection leg.
Danielle Cohen,RHHV12285158973901,6.3% adjustable rate mortgage,798119,2024-07-30,Half system report majority.
Brenda Holmes,REOJ58218594122528,3.0% adjustable rate mortgage,422316,2024-08-29,Such effort create place.
James Vang,UFEQ03935012146129,3.1% fixed rate mortgage,732346,2024-12-08,Beat happy any property reality generation.
Matthew Moss,TROM69129843260880,6.2% adjustable rate mortgage,13180,2024-08-27,As television southern meet our.
Thomas Davis,IRLU59520536012626,7.0% adjustable rate mortgage,869527,2024-06-01,School move great throw professor feel.
Mary Hughes,UDIH50515009645461,3.3% fixed rate mortgage,156151,2024-11-13,Fall officer discover.
David Keller,HZPL16071539662817,2.1% fixed rate mortgage,824697,2024-11-27,Maintain consumer on successful yeah small.
Brent Jefferson,PWBP91392117142188,0.4% fixed rate mortgage,174950,2024-10-16,May most under magazine just reach again.
Daniel Blair,MCFQ97946724609709,1.0% fixed rate mortgage,511487,2024-08-29,Say happy detail certainly under.
Joseph Williams,NDEH29109509525761,1.2% fixed rate mortgage,905364,2024-10-11,Maintain mission blood.
David Phillips,TZHY85022608061146,3.4% adjustable rate mortgage,697765,2024-10-07,Little race step court article available.
Devin Vasquez,BOBJ49481670249211,5.1% fixed rate mortgage,709905,2024-06-18,Citizen happy require involve painting hit.
Neil Clay,VNUA76551535906471,4.5% fixed rate mortgage,105301,2024-12-08,Five think American important notice central opportunity.
Jason Walker Jr.,OWAW77628244171530,4.0% adjustable rate mortgage,212740,2024-07-23,Air change audience not always third face.
Elizabeth Johnson,RMPT39732389848657,4.8% fixed rate mortgage,247985,2024-11-14,Song her turn.
Kenneth Ramirez,QCZR22896486230819,7.8% fixed rate mortgage,523549,2024-07-25,Movie fast magazine score.
Christopher Jones,UDOX03456170932854,4.2% fixed rate mortgage,910213,2024-09-27,Owner establish yeah pretty.
Randy Peters,XSFB61665811772806,9.8% adjustable rate mortgage,598101,2024-06-10,Late play real these prepare feel.
Mark Kane,XDYK44269341517865,7.6% fixed rate mortgage,593906,2024-11-20,Street develop street opportunity generation seem against.
Steven Woods,EMEC60771096939650,2.2% adjustable rate mortgage,870471,2024-06-29,Also guy move stuff fact stay final.
Barry Hicks,BKBI92275513331552,2.1% fixed rate mortgage,767297,2024-11-04,Mrs keep body area really project tough.
Kathleen Tran,XZCN93029407112204,4.3% fixed rate mortgage,551417,2024-09-14,Role dinner idea policy.
Brent Russell,YAQV51688864554378,0.0% adjustable rate mortgage,265455,2024-10-20,Increase now Mrs city career local education.
Emma Vazquez,EXZK01628146344754,2.1% adjustable rate mortgage,701303,2024-09-08,Beyond with finish service mother.
Mr. Michael Daniels Jr.,EDQP89153791546423,8.5% adjustable rate mortgage,414958,2024-09-07,Green can here national.
Lori Dalton,DXAR05781397034885,9.5% fixed rate mortgage,289506,2024-09-17,Former bit kind modern individual.
Ashley Waters,TMSK82736029505526,5.8% adjustable rate mortgage,32523,2024-08-12,Assume once program.
Jessica Guerra,NUWM39492290472792,2.3% adjustable rate mortgage,564869,2024-07-24,Company company minute window.
Kevin Lewis,WQBN60945040417052,4.7% adjustable rate mortgage,855831,2024-07-25,Success eye much suggest heart wind.
Brian Chan,HOSC63197508662427,8.4% fixed rate mortgage,821254,2024-08-18,Talk seven father relationship true yeah.
Jacob Watts,LMIV66981014550305,4.2% adjustable rate mortgage,841975,2024-12-01,Property carry toward total what now action.
Miss Sophia Mcdonald,LMDL42782472049838,9.8% adjustable rate mortgage,27773,2024-09-21,Crime oil should bed sometimes firm I.
Aaron Montgomery,ACMI90425169336442,4.9% adjustable rate mortgage,301173,2024-06-25,Cultural book family occur.
Robert Campbell,MNDZ51127894076809,4.4% fixed rate mortgage,558784,2024-09-19,Alone analysis important I someone top.
Cassandra Gonzalez,MNYG51317012090267,1.5% adjustable rate mortgage,768647,2024-10-27,Remember rest stay industry away window.
Todd Hernandez,NSKH22129078227881,1.6% fixed rate mortgage,810365,2024-08-21,Herself career discover data hard.
Michael Hicks,TKBW83019210236066,8.9% adjustable rate mortgage,949440,2024-06-25,Career ok prove collection travel coach action.
Sandra Harris,MXAP34945153558541,7.1% adjustable rate mortgage,785047,2024-10-09,International somebody college wish from left.
Paul Lopez,NWEG37535107131048,2.4% adjustable rate mortgage,393476,2024-06-01,Store skin wish win nature.
Denise Richards,TAVP69786139722889,7.1% fixed rate mortgage,107333,2024-12-24,Summer support on message model contain.
Joshua Riddle,SNMZ66450198212063,6.1% adjustable rate mortgage,857273,2024-09-08,Much fine game nearly war cause close far.
Steven Lopez,CFNX45818064240512,2.0% fixed rate mortgage,955157,2024-06-20,Follow area main national cost.
Margaret Williams,SPGV34015469884948,3.0% adjustable rate mortgage,544192,2024-08-01,Food agreement while program idea open.
John Jordan,ADTF53986218165019,0.2% fixed rate mortgage,731074,2024-06-03,Six finish not read.
Michael Wright,FUYF04868920064836,9.4% adjustable rate mortgage,587572,2024-06-15,Relationship suddenly also his piece per.
Matthew Williams,QPYC05751036982149,2.2% adjustable rate mortgage,826111,2024-06-08,Born operation cell agreement hear adult language.
Eric Sanchez,IBLL45818985570945,7.3% adjustable rate mortgage,175052,2024-09-13,Choice western step learn often approach not.
Lacey Lee,LABI17108821408909,6.1% adjustable rate mortgage,280862,2024-12-01,Worker popular ok nothing management animal.
Todd Brown,DTSG35866526299149,5.2% fixed rate mortgage,362558,2024-06-25,Sell political across hair investment.
Victoria Lynch,YYRC62077415616037,2.2% fixed rate mortgage,649577,2024-10-04,Force building traditional those night space heart.
Erik Thomas,LUWK73415917608327,5.6% fixed rate mortgage,692060,2024-09-04,Good mouth quality kid court require peace.
Jennifer Mason,CLHU70285957354379,4.3% adjustable rate mortgage,887184,2024-11-11,Debate similar new field tell.
Maurice Ward,DSUY56072675396017,4.9% adjustable rate mortgage,858127,2024-06-23,Enough area area involve deep thank.
Monica Jones,LGWC92561623522542,2.7% adjustable rate mortgage,192629,2024-07-11,Research practice commercial protect us bed together bar.
Mark Russell,JXLJ80187462654781,0.7% fixed rate mortgage,466445,2024-08-25,Statement sound wife court study finish success travel.
Jacqueline James,TWYL80459523683243,7.1% fixed rate mortgage,153977,2024-06-02,Child hold ball citizen.
Melissa Burke,OMJO51210534202020,9.8% fixed rate mortgage,22512,2024-12-22,Laugh learn important media.
Heidi Richards,VTHJ30505087000355,0.3% adjustable rate mortgage,238178,2024-08-19,Food close process far attorney coach.
Oscar Diaz,ELML12278921316691,9.3% fixed rate mortgage,116439,2024-08-10,Pm bar world table line.
Cassandra Scott,ABNQ31722718703724,9.6% adjustable rate mortgage,422561,2024-09-01,Give measure in his.
Michelle Rodgers,FFAU60058158315086,0.5% adjustable rate mortgage,414279,2024-12-11,Late process yes medical fill lay sort.
Timothy Campbell,KPRS90083476189756,5.6% fixed rate mortgage,269737,2024-06-05,Happen culture western side.
Brenda Wilson,TLZG66109957289736,3.7% fixed rate mortgage,86914,2024-11-29,Laugh character drop ago name.
Mary Moreno,GFHZ92601063454335,4.4% fixed rate mortgage,803030,2024-11-10,Join I growth with high.
Michele Montgomery,RYXY78970403426463,7.6% fixed rate mortgage,203558,2024-11-18,Four determine defense fish sister.
Jeffrey Walker,BLDE43637364676027,8.9% fixed rate mortgage,235803,2024-09-07,Small name development risk.
Christopher Ramos,OMEG62081576588495,3.7% fixed rate mortgage,861549,2024-12-07,Life hotel plant seek reduce single much.
Luis Tran,GKMB28481926147925,4.4% adjustable rate mortgage,453692,2024-12-08,New professional where challenge national voice.
Melissa Wallace,TKUZ36120512441051,6.3% adjustable rate mortgage,786086,2024-07-10,Enough yourself respond prevent or science trial.
Martin Evans,MKFD19184435089575,4.1% fixed rate mortgage,721672,2024-11-12,Information hand population deep call beat.
Janet Harrington,DJWR76011927730686,1.3% adjustable rate mortgage,79510,2024-11-05,Pretty how number able change.
David Coleman,XLBG28927677737747,5.4% adjustable rate mortgage,457311,2024-08-26,Responsibility role fact type develop.
Charles Pope,VPWC62798079940968,1.1% adjustable rate mortgage,201508,2024-09-04,Student station sense nothing forward.
Todd Taylor,DRLF31982780534751,4.4% fixed rate mortgage,980632,2024-06-22,Evidence mention western ok really structure message.
Carlos Cameron,JUUF92790303308540,8.1% fixed rate mortgage,680638,2024-12-13,Girl unit individual behind step specific.
Robert Coleman,EIYO36768700324408,0.0% adjustable rate mortgage,451383,2024-12-16,Yes far life baby whatever.
Jacob Bell,EHEZ02814979206724,0.4% fixed rate mortgage,364216,2024-10-21,Add another picture investment financial occur majority.
Micheal Larson,UDII32518071408889,8.3% fixed rate mortgage,228652,2024-08-25,Arm various thing consider speak.
Brian Garrett,YOPB46344281558083,2.5% adjustable rate mortgage,472486,2024-07-04,Investment collection public well me benefit.
Linda Cox,QTTC52561419510236,4.0% adjustable rate mortgage,573400,2024-08-04,Clearly store choice allow.
Jason Smith,FIMP44156728528281,4.7% adjustable rate mortgage,169145,2024-08-15,Purpose plan white detail history fire.
Miss Michele Schneider MD,BNNL75198308697439,6.6% adjustable rate mortgage,604260,2024-06-07,Skin former should high evidence available else.
Erica Davis,SKSN19681737539278,0.5% adjustable rate mortgage,105477,2024-09-07,Collection else company teach party if.
Dennis Burke,NFQA48504372696640,0.6% fixed rate mortgage,736540,2024-07-03,Hot arm man purpose follow like born time.
Ronald Pierce,MRGL25936929173088,7.6% fixed rate mortgage,254917,2024-06-24,Lawyer wind himself family ever word writer.
Crystal Reeves,UFYX19320339239360,2.8% adjustable rate mortgage,162702,2024-09-16,Its help hard entire tend across.
Elizabeth Murphy,REZW29308389366837,6.4% fixed rate mortgage,185614,2024-11-05,Local or because without third middle.
Andrew May,TROC00937479198496,2.1% adjustable rate mortgage,563476,2024-11-11,Personal bill economy oil get newspaper indeed adult.
Dylan Smith,RCZL94186936495656,7.5% fixed rate mortgage,953168,2024-11-06,Point design third future.
Courtney Compton,WFUH36563475923567,2.8% adjustable rate mortgage,720709,2024-07-06,Manage eye million certainly opportunity adult.
Shannon Harris,MVPE74601935722123,4.2% fixed rate mortgage,851315,2024-06-09,Amount must rich though article television either.
Jeffrey Jones,ZQRU60811511431667,1.1% fixed rate mortgage,8112,2024-07-14,Seven discussion interview close factor subject give capital.
Ann Smith,IGHX10288433204688,6.8% fixed rate mortgage,220223,2024-07-22,Down city free above.
Valerie Ramsey,LGDJ61279533063030,1.4% fixed rate mortgage,840728,2024-11-27,Write magazine someone direction wall.
Michael Reynolds,NGWJ09460249341032,2.0% adjustable rate mortgage,782633,2024-09-25,During effort suggest special myself.
Tamara Riley,QQOM44416884419391,2.7% fixed rate mortgage,981328,2024-08-12,Camera specific door citizen.
Diana Stewart,MOEU52955575408186,0.1% adjustable rate mortgage,823863,2024-08-15,Discuss parent Republican be education eye idea.
Joel Ortiz,JJNE44911237360018,6.1% adjustable rate mortgage,599849,2024-06-27,Meet you today fall population stand.
Barbara Wright,GQQX66681217803846,1.0% fixed rate mortgage,361423,2024-10-30,Main keep gas common themselves affect shake.
Danielle Stone,MKES69551112844853,4.2% adjustable rate mortgage,97679,2024-09-28,Book animal alone.
Jonathan Davis,UJTZ71358952394800,0.5% fixed rate mortgage,262251,2024-07-17,Thousand expect ready this people likely into.
Marie Miller,IFIL20018306974657,2.7% adjustable rate mortgage,390884,2024-06-06,Make view her effort trade.
Glen Howell,IUKC59047092516120,4.4% adjustable rate mortgage,24622,2024-09-19,Heart her thank little property let.
Stanley Rice,MPVZ94715527827632,1.3% adjustable rate mortgage,83558,2024-10-29,Raise me coach form we station each.
Mary Tucker,QIQP68043027444236,9.0% adjustable rate mortgage,578341,2024-11-04,Card though care tree.
Michael Sanchez,ASFM67207321048021,7.9% adjustable rate mortgage,316429,2024-10-05,Star she red hear call.
Jackie Hunter,MSFR38622089950507,0.5% adjustable rate mortgage,138300,2024-10-12,This heart magazine ahead condition chair pull really.
Sergio Bright,GPQJ27646251294441,0.8% adjustable rate mortgage,82787,2024-10-31,Music toward tell member the dream want.
Christopher Marsh,IXFN90487877966740,4.3% adjustable rate mortgage,178522,2024-08-31,Candidate understand set establish seat art.
Angela Smith,TYDA69439427332598,1.4% adjustable rate mortgage,689487,2024-08-24,Chance great treatment key again reach great.
Lindsey Johnson,QPOO05224549175762,6.8% adjustable rate mortgage,281807,2024-09-08,Service opportunity lot million often quite.
Brittany Robertson,LUWP96188144850650,4.0% fixed rate mortgage,723875,2024-06-21,Huge give religious indeed check live sure less.
Marco Reyes,FNOF03169220052594,7.6% adjustable rate mortgage,742421,2024-09-24,Affect nor word tough say.
Christina Clark,DQOU14613602879618,5.3% fixed rate mortgage,194937,2024-07-12,They friend two nearly picture listen.
Nicholas Blanchard,IQMA39708372482359,8.9% fixed rate mortgage,545842,2024-10-10,Now population peace north.
Mr. Michael Brown Jr.,EYRA02340194916264,1.4% fixed rate mortgage,464980,2024-07-15,Left edge require.
Nicole Blackwell,HRQJ47356894476036,3.8% fixed rate mortgage,990500,2024-10-17,Rich everybody teacher throw ahead environmental specific page.
Andrea Diaz,RFXO79423170511594,7.8% fixed rate mortgage,170674,2024-06-26,Base lead parent occur behind wish.
Karla Howard,PYAJ60756302834746,7.7% fixed rate mortgage,986263,2024-09-14,Only certain similar democratic edge through majority them.
Jennifer Johnson,MFIX38598511518411,8.8% adjustable rate mortgage,214718,2024-08-23,Learn mission fish.
Patrick Gardner,EXZE97855071590118,8.7% fixed rate mortgage,230824,2024-08-29,Concern look nothing training agent management send campaign.
John Baker,FOPZ91692169363031,6.9% fixed rate mortgage,88126,2024-08-30,Share series meet family popular hope.
Glen Barr,ENIO18161436098793,5.8% fixed rate mortgage,807098,2024-06-20,Skill player statement report see together share difference.
Lauren Fisher,KLZS42589501910206,0.7% adjustable rate mortgage,747422,2024-07-22,Central business hit visit.
Elizabeth Lowe,SMVV09202659520821,4.6% fixed rate mortgage,621240,2024-11-18,Any occur late.
Jonathon Walker,WDVY43804812752472,3.0% fixed rate mortgage,393098,2024-07-31,Summer director believe training born series me gun.
Kristina Moore,UGDF77678609352232,3.6% adjustable rate mortgage,961722,2024-07-24,Condition parent able ground red wrong worry Congress.
Rebecca Vargas,JCZX11747233392669,3.1% fixed rate mortgage,990636,2024-11-19,Finally marriage wait trial.
Joshua Johnson,EGYZ39385606413509,4.0% adjustable rate mortgage,656037,2024-07-21,Republican strong instead eye adult.
Lori Jones,TOLJ31006728670746,4.7% fixed rate mortgage,759798,2024-08-06,Within act all free word.
Bryan Anderson,PZKP03635226471326,6.3% fixed rate mortgage,923097,2024-08-16,Reach suffer process statement our though color.
Andrew Williams,PJZX74713456349289,9.2% fixed rate mortgage,417791,2024-06-27,Pretty social effect just seek.
Amy Moore,LJFY75225750244962,1.9% fixed rate mortgage,894297,2024-07-04,Above alone hit parent buy necessary.
Rebekah Henry,EFIY60590034952180,6.9% fixed rate mortgage,534779,2024-08-23,Live heavy plan we picture night friend itself.
Lisa White,XNRC60156786819186,4.4% fixed rate mortgage,451380,2024-07-18,Pretty half election food.
Julie Mcguire,XIPC57406382491981,6.6% fixed rate mortgage,468682,2024-09-27,Stock western account should late special.
Lindsey Bean,XAIC88633321517724,4.6% fixed rate mortgage,60190,2024-09-14,Before any full truth.
Robert Yang,FYFD42598851902646,3.1% fixed rate mortgage,142175,2024-06-22,Ground energy deal until himself number rich.
Natalie Williams,COPZ05752500920757,0.8% adjustable rate mortgage,175323,2024-08-17,Officer authority voice thought onto act.
Veronica Berry,SCEN80099217149144,5.8% fixed rate mortgage,679551,2024-06-12,Former similar economy individual front find.
Lisa Oliver,NYEJ61990293925290,0.2% fixed rate mortgage,330383,2024-08-12,Hundred baby interesting note scientist.
Elizabeth Anderson,WDXZ21415196117096,7.7% adjustable rate mortgage,805782,2024-10-12,Education score land war.
Evelyn Gonzalez,AVHE42395561974559,1.7% adjustable rate mortgage,869463,2024-10-21,Card successful admit discussion series.
Jose Cooper,LOKF87892119170775,2.1% adjustable rate mortgage,535013,2024-12-22,Meet garden themselves security.
Meagan Mcdonald,WGQD42581015970016,8.1% fixed rate mortgage,854092,2024-06-13,Dark continue wrong second behind go.
Jeremy Clarke,RAIC30535187823888,5.5% fixed rate mortgage,456443,2024-08-24,Whole president keep at.
John Hunt,RYSD22576737799918,2.5% fixed rate mortgage,473039,2024-10-08,Hard fear baby management state laugh.
Dennis Martin,DFAS74756779456603,4.4% fixed rate mortgage,371231,2024-09-30,Three product thank see worry.
Elizabeth Sanchez,HQCT57095370056404,5.6% fixed rate mortgage,947281,2024-12-07,Cultural say worry back effort hard.
Dana Rosario,FCSP52546370836613,3.2% adjustable rate mortgage,561288,2024-06-25,Adult or suddenly.
Donna Kim,TYQD88665915419528,2.7% adjustable rate mortgage,611132,2024-08-10,Trip create star pull hard year range use.
Steven Austin,OOFT03445208622285,1.6% adjustable rate mortgage,822504,2024-12-09,Risk too paper lead theory heavy standard west.
Amanda Mcgrath,EZUH65318649061577,1.9% adjustable rate mortgage,967426,2024-10-03,Current against bad still present shake art.
Kaitlyn Ramsey,DANA64849195968551,8.6% adjustable rate mortgage,533739,2024-10-07,Account manage office candidate nice morning.
Laura Simmons,GAAZ45489703436571,6.0% fixed rate mortgage,870322,2024-09-30,Throughout society safe black detail again.
Randy Avery,TAUW36569194092611,3.5% adjustable rate mortgage,813659,2024-07-21,Artist agree remain that toward value peace.
Misty Lewis,JREM97916287234334,2.2% fixed rate mortgage,191777,2024-12-27,Home nice write cultural subject.
Julie Cooke,GRET57276438784635,2.2% adjustable rate mortgage,488887,2024-09-14,Stuff assume look pick hand human important.
Juan Hansen,ALKD69101851556329,4.7% adjustable rate mortgage,327805,2024-07-31,Back three again.
Natalie Griffin,UYPF36023326397115,6.6% fixed rate mortgage,971073,2024-06-05,Eight set stock.
Courtney Hill,WDSL40822326063394,6.6% fixed rate mortgage,201720,2024-09-01,Year about reflect condition resource right tonight.
Jonathan Rowland,WCES41254306489849,3.8% adjustable rate mortgage,136085,2024-10-16,Activity on health site billion machine.
Brenda Miller,DFHI62267183368402,8.0% adjustable rate mortgage,111612,2024-09-06,Travel east trial development pretty country nearly.
Keith Villa,SUTX49539867493733,5.3% adjustable rate mortgage,627516,2024-07-13,Special serious administration live color music.
Amy Schmidt,GVPK60780029497004,7.7% fixed rate mortgage,561432,2024-09-03,Determine price car wonder large stay few.
Miguel Hunt,FVYE80903012975162,2.1% adjustable rate mortgage,419481,2024-07-04,Pm action free.
Jeffrey Morgan,ZOPX70916661006505,3.3% fixed rate mortgage,282061,2024-06-06,While reality suddenly more sister.
Scott Li,ULDS48264431466290,3.9% fixed rate mortgage,949298,2024-08-31,Positive authority open international hear color.
Antonio Alexander,BJPP56818394578909,2.1% adjustable rate mortgage,577847,2024-06-07,Pass that yet minute dog.
Dean Rodriguez,ZBWX03092710145029,1.6% fixed rate mortgage,736373,2024-12-11,New yourself list new either his hand single.
Heather Lowery,XKQW82877672646463,6.6% adjustable rate mortgage,657884,2024-12-29,Per wall describe Mrs defense.
Miss Erin Nguyen,FGAS78138239827021,2.1% fixed rate mortgage,444811,2024-08-26,Hard be task network free life.
Amy Chan,QBUM52441429615987,3.8% fixed rate mortgage,659781,2024-08-30,That natural information quality eight store candidate.
Emily Garcia,ADYH63845032586945,8.3% fixed rate mortgage,680155,2024-10-03,Management as threat full maintain similar side.
Ann Cervantes,BELG77610614550812,5.1% fixed rate mortgage,317089,2024-11-29,Ever environmental ten already age every human.
Megan Morales,LTLW00522113662032,5.6% adjustable rate mortgage,396420,2024-07-04,Well cup drug carry.
Bradley Hood,EIDJ36677709278917,9.9% fixed rate mortgage,250196,2024-07-08,Much goal talk believe room.
Jacob Torres,WSGT31629136284007,6.0% adjustable rate mortgage,867834,2024-10-12,Reveal model mention rest.
Charles Dillon,YYSV81747869886775,5.7% adjustable rate mortgage,652156,2024-08-30,Create likely station whom suddenly far make.
Gabriel Brown,XSJG78092359422608,0.9% fixed rate mortgage,776783,2024-12-14,Inside mouth what how wrong produce prevent thus.
Katie Perez,VMOI87807836860237,5.3% fixed rate mortgage,141794,2024-09-12,Machine key rest late health entire main.
Christopher Patterson,CXWG54185390568221,5.8% adjustable rate mortgage,717994,2024-12-08,Leader middle herself.
Colin White,NNZB90356736780526,4.3% fixed rate mortgage,384599,2024-10-17,Focus account daughter many fish.
Julia Brooks,RVBU09608806641154,8.7% adjustable rate mortgage,182552,2024-11-03,Long letter marriage really wish finish much.
Rodney Castillo,KRGK89598178135832,2.0% fixed rate mortgage,220994,2024-07-02,Pull point blue and.
Barbara Krause MD,APIM74499678679102,5.2% adjustable rate mortgage,368850,2024-10-10,Matter successful beautiful evening according keep give.
Ashley Gilbert,RPNN53207967301427,2.6% adjustable rate mortgage,85211,2024-12-30,Road almost food TV option.
Dustin Hartman,XGEN45655779791107,0.1% adjustable rate mortgage,747760,2024-07-23,Star partner responsibility society decision paper let.
Alex Ochoa,UYXZ32104389052616,8.5% fixed rate mortgage,729175,2024-06-19,Class room down if meet message.
Kristin Brown,WVRM05864401272244,5.0% adjustable rate mortgage,484235,2024-06-07,Imagine cost dog to car anyone throughout.
Paul Moreno,GXKZ59982390863502,2.3% adjustable rate mortgage,402990,2024-08-01,Listen catch end group address.
Paul Carr,WTTN30829590671870,2.1% fixed rate mortgage,363316,2024-06-11,His age or amount realize meet.
Brian Becker,QAXS48759800641212,7.1% fixed rate mortgage,106599,2024-12-02,Memory the expect something also region.
Nathan Myers,JDCG87156926944182,8.7% fixed rate mortgage,269828,2024-12-22,As begin almost stay own city bed base.
Tiffany Rivers,IRUL47015815497126,1.0% adjustable rate mortgage,68289,2024-07-13,Garden staff where network.
Larry Thomas,WIOP28748104795314,5.5% adjustable rate mortgage,53239,2024-06-20,Billion network magazine reveal laugh design board.
Sharon Nelson,HTPF82231622419049,4.0% adjustable rate mortgage,686825,2024-06-21,Chair happen matter audience.
Nathaniel Ferguson,CXWJ93843479552608,6.2% fixed rate mortgage,399739,2024-10-15,Community final so detail.
Lauren Franklin,PFGH34512913656511,2.9% fixed rate mortgage,3258,2024-11-11,Economic thank food finally impact discussion thought remember.
Claudia Simmons,UOQQ05386711512134,6.6% fixed rate mortgage,875002,2024-10-10,Fast new bar memory its network thank our.
Heather Rivera,DZDC52288407816896,9.3% adjustable rate mortgage,353533,2024-06-11,Partner we relationship trouble bit of.
Ashley Wilson,OJSM95476991056765,7.0% fixed rate mortgage,666954,2024-07-26,Follow hair traditional improve student employee.
Nathan Chandler,UUHK73915573187943,5.9% adjustable rate mortgage,827263,2024-09-28,Best style month.
Steven Perez,UNGL22530354791853,6.7% adjustable rate mortgage,13438,2024-10-05,Behind lead foreign plant most maybe very by.
Tammy Atkinson,UZIS41046628159795,7.2% fixed rate mortgage,588009,2024-09-20,West evening once themselves claim meeting.
Diamond Mayer,REVM12865580372810,1.2% fixed rate mortgage,503582,2024-10-29,Yard bed forward end ever.
Jerry West,JVYP38726713845143,7.5% adjustable rate mortgage,616562,2024-10-15,American talk only fish we financial recently ten.
Shawn Bailey,ZEAA53686870508760,6.1% fixed rate mortgage,366598,2024-08-14,Event box field wife involve stuff.
Michelle Whitaker,AFDQ96551861473278,3.2% adjustable rate mortgage,590083,2024-10-22,Environmental mention certainly around might.
Jeffrey Huynh,TZCL30505958355477,9.1% fixed rate mortgage,148111,2024-11-23,Miss control bit either party without who.
Mr. Christopher Matthews,XEWJ47635534875305,1.3% adjustable rate mortgage,792146,2024-07-23,Send the all thank various there.
Shelby Paul,DAFD75425242969503,7.9% adjustable rate mortgage,381002,2024-11-11,Perform per song find page.
Rachael Johnson,XODG88910747993183,4.0% adjustable rate mortgage,536207,2024-09-14,Accept herself number teacher nation.
Catherine Lee,EXKM47199935426809,1.1% fixed rate mortgage,988006,2024-09-23,Upon usually return stand.
Andrew Waters,FTXW94093083942361,5.4% fixed rate mortgage,265500,2024-07-23,Bank if television society simply it professor.
Tracy Bailey,OJMO48374689552481,7.2% adjustable rate mortgage,22492,2024-09-10,Grow believe continue against education.
Anthony Garner,JSJA27081203947372,3.2% fixed rate mortgage,243402,2024-12-11,Special eye quickly two.
Virginia Morrison,XOOQ47593499818885,4.3% adjustable rate mortgage,194902,2024-09-17,Mrs be seek.
Todd Nguyen,NHEL75434720367006,6.8% adjustable rate mortgage,301519,2024-09-28,True defense prepare college politics stop political.
Sharon Bush,QLUN29607437064772,5.2% adjustable rate mortgage,799357,2024-06-29,Around test claim significant some surface speak near.
Tara Gilbert,CWRD01640826450711,7.1% adjustable rate mortgage,212767,2024-07-19,Also manager so benefit.
Isaiah Allen,LLMF70536071116563,2.8% fixed rate mortgage,394785,2024-06-09,Base fall away growth majority great somebody.
Mr. David Graham DDS,WXOW08950971494061,7.0% fixed rate mortgage,477722,2024-09-04,Section stand meet we.
Zachary Washington,VWNI95606959477125,7.9% fixed rate mortgage,370600,2024-06-03,Will almost way strong reality PM.
Melissa Odonnell,OGIT86235479327896,4.2% adjustable rate mortgage,754551,2024-06-21,Value own couple religious enough true.
Jeffrey Turner,CFUU32463350924877,6.7% adjustable rate mortgage,958817,2024-12-05,Money market name forward sure.
Patrick Garcia,XXHQ35358690945809,4.6% fixed rate mortgage,748224,2024-10-01,Look every black long give space spend worry.
Janet Miles,DDJP99783713408580,1.1% fixed rate mortgage,213734,2024-12-01,Any successful where heart already each human.
Jeremy Mejia,CYHO47692021870928,8.9% adjustable rate mortgage,428443,2024-08-31,Live whether only grow my.
Dr. Amanda Green,MFKK41451133330532,8.6% adjustable rate mortgage,64364,2024-07-28,This draw plan back near together.
Jeff Chavez,DNAQ34135109359224,2.4% fixed rate mortgage,285902,2024-11-09,Pressure after notice tough.
Christian Barber,FYUQ28181834979808,7.3% adjustable rate mortgage,384756,2024-06-23,How she process past behind.
Jessica Marshall,DCQI51131073191832,3.9% fixed rate mortgage,49228,2024-11-16,Situation allow ground pressure at student claim cold.
Philip Wilson,VVUQ01249705279228,4.4% fixed rate mortgage,904300,2024-12-02,If certainly maintain time tax hear.
William Mack,LYVV34218174645553,0.6% adjustable rate mortgage,605701,2024-12-17,Side say us.
Nathaniel Robinson,ROJI99513384550231,9.6% adjustable rate mortgage,713081,2024-11-10,Discuss statement although under work significant.
Dennis Chang,WWGI88980329956025,9.5% fixed rate mortgage,408884,2024-11-04,Water look over music eye assume catch.
Kirk Guerra,QORY27950011663294,0.0% fixed rate mortgage,379873,2024-09-13,Computer price walk mean expert people set.
Thomas Johnson,VLSR17270345033152,5.6% adjustable rate mortgage,380705,2024-12-07,Note what ok call appear common city.
Philip Davis,TEMY63155929993679,8.6% adjustable rate mortgage,139731,2024-06-18,Increase whom without wear work if ago culture.
Stephanie Hardy,FNHH90945599382209,4.1% fixed rate mortgage,573095,2024-12-20,Evening people give hair always myself apply.
Melissa Graves,SCVK40880259370551,7.8% fixed rate mortgage,954112,2024-12-03,Economy Congress season none strategy leave sometimes although.
Jennifer Wright,FMKI82925697671687,3.0% fixed rate mortgage,240461,2024-12-08,Themselves popular politics church country foot identify law.
Danielle Scott,TDTB63352592868860,3.8% fixed rate mortgage,487332,2024-09-03,Seven yourself cold image above forget responsibility.
Johnny Fernandez,KIXP76197955043259,6.9% fixed rate mortgage,247524,2024-12-17,Second like some century only field again.
David Garcia,NRDC64056368344359,5.9% adjustable rate mortgage,986492,2024-06-24,World organization century peace toward member.
Joshua Charles Jr.,DQJS32774780877262,0.4% adjustable rate mortgage,990451,2024-09-08,Product improve water onto.
Daniel Smith,RTEQ83078249409708,0.9% adjustable rate mortgage,44340,2024-11-10,Entire order mind stand brother book mother.
Rachel Hampton,EPCU81659607077243,9.0% fixed rate mortgage,458391,2024-10-24,Education back firm.
Emily Allen,TYCJ34238438669090,9.8% fixed rate mortgage,916772,2024-07-13,Standard each art picture religious develop girl.
Thomas Freeman,EQHD86301225914693,1.1% fixed rate mortgage,100039,2024-12-22,White color though bit star situation.
Craig Lewis,TNMQ97426552999822,5.9% adjustable rate mortgage,338,2024-11-07,Figure couple poor military life figure great TV.
Ernest Lewis,YVLS26811631463044,6.5% adjustable rate mortgage,29277,2024-11-07,Despite current reflect throughout full.
Shane Schultz,VOHK45402742269908,9.1% fixed rate mortgage,733089,2024-07-21,Again see kid deal.
George Weber,ZQOD51432125206410,1.2% adjustable rate mortgage,804938,2024-10-12,Range message opportunity public.
Shawn Chan,UNCP97155129279135,0.9% adjustable rate mortgage,923739,2024-07-08,Fast bed pay everybody bag.
Samantha Mendoza,NKIS53028853365698,2.3% fixed rate mortgage,341849,2024-11-12,Admit until measure and cut first few.
William Pruitt,XKHC01536713421889,3.0% adjustable rate mortgage,198368,2024-10-13,Analysis future many whose believe fish.
Christian Owens,CDLE71096608865639,9.4% fixed rate mortgage,495383,2024-12-17,Loss continue sound doctor model term despite.
Dr. Courtney Mitchell DVM,FOBD61728301466652,5.1% adjustable rate mortgage,837253,2024-09-04,Put international leg travel arm rate.
Barbara Goodman,AVCW76460367273009,8.4% fixed rate mortgage,648958,2024-07-04,They serious true raise scientist.
Kathryn Henderson,HPFN56223817673941,5.5% adjustable rate mortgage,202928,2024-12-28,Similar forward mother present.
Christopher Daniels,ELMU36592430387148,4.2% adjustable rate mortgage,354446,2024-11-27,White happen information million practice your or.
Angela Little,SFWA97233753177765,3.5% adjustable rate mortgage,468829,2024-09-20,Enough for generation open.
Cody Robinson,GAHA24201002343301,9.1% adjustable rate mortgage,539369,2024-08-19,Person long offer left section.
Catherine Douglas,RCSN96289936160254,6.1% adjustable rate mortgage,366169,2024-12-12,Up stock space create common.
Ellen Walker,TPIH20450365669215,4.0% adjustable rate mortgage,219824,2024-09-02,Per very manage thing.
David Haney,LTWB51446745726734,6.8% adjustable rate mortgage,515283,2024-10-14,Husband interest thank call respond around.
Kathleen Parks,YXIB27243966498508,9.6% fixed rate mortgage,692124,2024-07-31,Society vote child energy lose hospital.
David Snow,UKJZ76577719920787,0.2% adjustable rate mortgage,479641,2024-09-29,Computer sing marriage if.
Beverly Carroll,GGSI26489041879849,4.8% adjustable rate mortgage,519765,2024-06-29,Affect instead wear street.
Joseph Lopez,UWZX14579967538436,0.2% adjustable rate mortgage,584062,2024-08-28,Floor best rule wife computer focus commercial.
Ryan Cooper,UBBZ67452755951958,2.7% fixed rate mortgage,310940,2024-06-16,School student nearly top happen machine.
Kenneth Murphy,EFWV54925778038253,5.5% fixed rate mortgage,938754,2024-11-02,Couple focus fall class artist.
Mrs. Robin Newton,NNLK75763311721956,0.5% fixed rate mortgage,763230,2024-07-16,Series field participant space paper name contain yet.
Hannah Henderson,XSHF93748263927858,7.4% fixed rate mortgage,37783,2024-11-03,Major will usually know child.
Tammy Graham,LQGZ41908974957490,7.0% adjustable rate mortgage,96507,2024-11-07,Century question ask step level cell sport.
Joseph Simmons MD,CBNF72340596883808,8.4% fixed rate mortgage,116335,2024-10-20,Development all hour point.
Denise Herring MD,UAZM43640641546541,5.7% fixed rate mortgage,420556,2024-12-16,Hundred budget consumer he.
Edward Edwards,YSIS28879067740538,6.6% adjustable rate mortgage,49685,2024-07-31,State indicate worker behavior professor occur.
Gary Willis,NRXN64339791109136,9.0% fixed rate mortgage,539651,2024-09-19,Learn weight above yeah have hotel yeah.
Elizabeth Kelly,MQGB33176042617559,4.6% adjustable rate mortgage,51128,2024-10-19,Activity free develop recently.
Kevin Schultz,QMIP73434964888735,5.3% adjustable rate mortgage,631385,2024-11-07,Mrs husband type foreign not.
Mario Wood,TUTJ24296728102278,9.9% adjustable rate mortgage,110723,2024-08-06,Party consider role to happen just.
Dr. Blake Powell IV,BNZO01942869793748,7.7% adjustable rate mortgage,95749,2024-09-24,Interesting government hair property.
John Carter,UQGM42829892501351,6.2% adjustable rate mortgage,907311,2024-11-07,Fund left west kind.
Dr. Kelly Moore DDS,KOHV02520413153831,6.6% fixed rate mortgage,771148,2024-10-11,Police off glass best.
Katrina Williams,MKIA32630204545738,6.2% fixed rate mortgage,421682,2024-12-16,West image traditional hospital.
Russell Estrada,WXXE73351709097326,8.5% adjustable rate mortgage,103751,2024-06-01,Show receive season investment protect toward spend.
Lucas Brown,GXNZ51324916948545,9.0% adjustable rate mortgage,598917,2024-12-10,Other behind article.
Angela Fernandez,WEKX07646972780563,7.9% fixed rate mortgage,746891,2024-08-21,Off produce or education reveal billion degree.
Brandon Baker,TNLG54852981909700,1.2% fixed rate mortgage,392517,2024-06-15,Cut head him seem others.
Lisa Edwards,XJIR56911932754087,6.8% adjustable rate mortgage,568130,2024-07-07,Summer important which police kind its nature.
Angela Schultz,ZVHK36970906787556,1.7% adjustable rate mortgage,626599,2024-08-13,Step without media customer along.
Eric Woods,FXMQ69556002806889,2.4% fixed rate mortgage,182666,2024-07-17,First green draw even account.
David Clark,DGHJ41920400487896,1.2% adjustable rate mortgage,782566,2024-08-07,Seem possible culture agency wait former.
Christopher Hendricks,UHMS13117708281976,9.8% adjustable rate mortgage,412999,2024-06-19,Mrs himself want save.
Courtney Steele DDS,CSHK48114759449535,4.6% fixed rate mortgage,937109,2024-06-13,Respond weight sport reduce long.
Michael Williams,OSDC87243301867352,4.3% adjustable rate mortgage,521359,2024-11-16,Rather perhaps standard administration test institution simply life.
Karen Wells,VFOV68388675484321,7.7% fixed rate mortgage,73137,2024-07-26,Style case draw economy company one.
Lynn Meyers,HQJF53484752026104,6.2% fixed rate mortgage,628274,2024-12-22,Real article would.
Jessica Cameron,YNLV89261930647342,9.9% fixed rate mortgage,976438,2024-06-12,Spend old education mention system standard enjoy.
Amy Elliott,ILIS61914546220045,1.5% fixed rate mortgage,132734,2024-06-11,Indicate glass always see.
Michelle Martin,GKIH38421487555516,8.2% adjustable rate mortgage,368398,2024-10-28,Imagine clearly fire weight themselves become our.
Paul Stewart,PLEJ76618516865039,9.9% fixed rate mortgage,411797,2024-12-09,Shoulder beautiful read born.
Brian Mason,IOAW71652695534162,4.5% adjustable rate mortgage,471630,2024-10-23,Three appear speech assume.
Dawn Long,PTDS57818839494078,0.6% fixed rate mortgage,128383,2024-11-25,Sort training write paper college idea put.
Bill Christian,ESMV04674600524392,4.4% fixed rate mortgage,322328,2024-08-16,Simply management fund theory.
Susan Reeves,WXLZ91343391455520,8.6% adjustable rate mortgage,821472,2024-10-10,Take fear evening big wait most result.
Megan Long,VUZR91995626261136,1.2% adjustable rate mortgage,820108,2024-08-27,Expect world people try generation choose treatment free.
Tiffany Walton,WYGJ32297938671024,8.1% adjustable rate mortgage,881653,2024-12-05,Doctor kid seek increase fight.
Jessica Vaughan,VICK76318639340522,5.1% adjustable rate mortgage,612286,2024-07-25,Get structure world often himself fish.
Glenn Saunders,KTZH94764861661305,9.2% fixed rate mortgage,948139,2024-08-10,Several through end attorney ready.
Tommy Jimenez,QJJB85029597562939,7.1% adjustable rate mortgage,677547,2024-10-14,Bill miss treat hear.
Jennifer Evans,AXWJ62129186022316,3.3% fixed rate mortgage,280906,2024-09-06,Surface serve task quickly fact.
Nathaniel Douglas,RYWT45105719055595,1.3% fixed rate mortgage,277851,2024-12-23,Since prove deep member produce third.
Mary Perry,CARY83928560171308,8.9% fixed rate mortgage,695917,2024-06-25,Answer card official present more.
Tabitha Ramos,EYPG38913501199790,4.9% fixed rate mortgage,753305,2024-08-19,Tell idea rise show.
Tricia Black,AGNG74322121781674,5.4% adjustable rate mortgage,803886,2024-09-03,Against chance environment medical.
Paul Lewis,DZOV95471385720988,1.7% adjustable rate mortgage,996932,2024-11-05,Time manage people senior will husband yeah.
Timothy Clark,PWRZ81183810940208,9.7% fixed rate mortgage,297271,2024-10-27,Before special note do.
Amy Cruz,JUJZ85413881924950,1.0% adjustable rate mortgage,135905,2024-07-23,Many bit operation up tell.
Betty Dawson,HRJO13229051970484,7.8% adjustable rate mortgage,709076,2024-10-18,Sea red pressure easy view.
Bethany Marsh,NUJC61101086004614,3.3% adjustable rate mortgage,37458,2024-12-28,Population majority involve change my fast four.
Howard Wilson,CVYK99764306237477,6.9% adjustable rate mortgage,739632,2024-08-25,Process similar system skill table.
Nathan Miller,WEMR06865251934363,8.5% fixed rate mortgage,172695,2024-09-14,Mr series happen explain find person behavior.
Craig Gibbs,KAWR66159910312682,1.5% fixed rate mortgage,409162,2024-08-11,Miss night close possible significant fall company.
Danny Schroeder,DALU98999944679219,6.8% adjustable rate mortgage,997207,2024-06-28,Lot watch feel bring last a.
Daniel Scott,LGZO96960082549128,1.7% fixed rate mortgage,487524,2024-07-29,Eye specific write perform.
Angela Williams,VUTO33180599825251,6.3% adjustable rate mortgage,547006,2024-07-07,Market line month relate.
Daniel Martin,CYKX61389708194124,2.8% fixed rate mortgage,781352,2024-12-03,Animal score once word fish some return.
Timothy Mueller,LKCS09204787829862,3.6% fixed rate mortgage,254064,2024-06-04,Light who space state.
Carolyn Hudson,OCQS05042406553355,2.3% fixed rate mortgage,682904,2024-12-26,Anything source box couple draw.
John Diaz,CUBK58763095013586,9.0% fixed rate mortgage,92974,2024-09-30,Fine mission its technology story office.
Jordan Hernandez,ALRW74903728984168,8.4% adjustable rate mortgage,745372,2024-06-21,Writer push professional.
Christopher Garcia,HXQJ35756304800460,1.7% adjustable rate mortgage,111338,2024-10-06,Stuff study make role into.
Daniel Reynolds,OIZD70841733356896,9.4% adjustable rate mortgage,284991,2024-07-11,Parent action since term list.
Tamara Mercer,MKHX07147627384491,1.9% fixed rate mortgage,901246,2024-07-15,Enjoy move three become western.
Christopher Nichols,LSWU66843727389871,6.8% adjustable rate mortgage,124404,2024-08-19,After hundred find son hit.
Victor Russell,MJHD38175003775432,8.0% adjustable rate mortgage,943803,2024-07-25,Realize night last discover.
Scott Anderson,ISEE43407947050520,5.0% fixed rate mortgage,281340,2024-06-02,Thought author amount address rate fill somebody determine.
Daniel Peterson,QLFR35108822509423,0.9% fixed rate mortgage,413945,2024-07-23,Allow per news main.
Michael Harris,FPTB93787147733592,7.9% adjustable rate mortgage,427339,2024-06-11,Growth study serve.
Angela Hernandez,SJEJ79644282596609,4.3% fixed rate mortgage,269419,2024-08-29,Particularly material structure benefit.
Jason Andrews,XFDH43274711363334,3.8% fixed rate mortgage,32782,2024-08-29,Town west just future operation mission open.
Megan West,YLAX92848111186743,5.2% fixed rate mortgage,98104,2024-06-25,South peace woman international think.
Amanda Hunt,RRSV69269865287162,8.8% adjustable rate mortgage,719630,2024-06-25,Continue story three body.
Steve Anderson,ZERS26806382748393,0.1% fixed rate mortgage,568852,2024-11-12,Cover power head another nice first including.
